Монета,BTC,ETH,USD
bnb,19061.256283114188,571652.0543436948,1925400926.0640814
neiro (first neiro on ethereum),1131.5851877707094,33936.535328317674,114302810.69061631
hive ai,849.3573547286019,25472.44890320554,85794630.3781929
cobak token,677.1609774971288,20308.23457583639,68400862.66100071
gamebuild,630.1846270556808,18899.401556828492,63655723.76251162
usual usd,454.00645616800153,13615.77219774607,45859750.17393377
dydx (ethdydx),439.12600370727375,13169.50354197681,44356657.3807521
bittorrent [new],418.3844572543163,12547.459146581843,42261528.27932433
chainbounty,409.2430072721636,12273.304674055964,41338139.18052723
large language model,396.01670128853056,11876.644303164248,40002133.75617052
unicorn fart dust,349.0196704431844,10467.19107344214,35254905.90466461
ahatoken,343.74633871029147,10309.042477485507,34722240.18467481
hippocrat,313.826870199995,9411.74980250406,31700037.89530618
hey anon,312.85694934860163,9382.661622847141,31602064.99794075
dog (bitcoin),293.60308730351124,8805.233271397066,29657208.72712047
flock.io,257.2036008587546,7713.60316611205,25980451.86135835
kekius maximus (kekiusmaximus.vip),240.8097158716923,7221.946273600172,24324485.38847481
fwog (sol),240.22323051942237,7204.357424707532,24265243.78217083
moss coin,228.7740305691914,6860.992927901555,23108746.0225559
magaverse,224.00355712707446,6717.925183421669,22626874.63659941
orbit,196.4197001495957,5890.678108323733,19840595.33894864
dkargo,155.55144152808526,4665.028358305317,15712442.30287673
neur.sh,155.00074931325918,4648.512954953057,15656816.20538064
bitrue coin,142.08117770856674,4261.051628198561,14351794.39765948
usdb,139.43526486228285,4181.700010879797,14084527.48886539
swarmnode.ai,137.89758523059257,4135.584597114709,13929204.57924851
revox,128.82870518289332,3863.6065158768843,13013145.85872899
taocat by virtuals & masa,127.49761898275017,3823.6868930819037,12878691.20556444
polyswarm,123.21394124351453,3695.218278872582,12445991.65189489
banana for scale,119.15932437045754,3573.619259866005,12036429.81786537
tokamak network,117.08039308803826,3511.271567731613,11826434.4137356
stratis [new],105.56024772401612,3165.7793994365375,10662770.37067195
assemble ai,105.53580203627742,3165.0462668765367,10660301.08170635
reploy,100.69197847097786,3019.7787330448414,10171020.50964979
cheems (cheems.pet),99.0285765948276,2969.892876332301,10002998.24159007
pepecoin,97.46711445101238,2923.0642188170764,9845273.03119147
yesnoerror,97.16965028190589,2914.143190693972,9815225.80984563
dasha,96.85806151249535,2904.79856211869,9783751.845262
platon,94.41831013971786,2831.629781235574,9537309.56030761
medibloc,90.58741429857564,2716.7402144075113,9150346.06269573
luigi mangione,89.59563108464795,2686.996376788183,9050164.82121886
tars ai,86.27225256858567,2587.327387092488,8714466.27242193
shibabitcoin,78.6367751128803,2358.337423964212,7943197.30956873
hiero terminal,75.55113316319341,2265.7982159860794,7631512.82355233
freysa,68.71471916163613,2060.772374546853,6940958.24236156
tokenbot,68.52681671401176,2055.1371310662944,6921977.98516906
metadium,66.53166723877901,1995.3020772115328,6720445.48436257
why,66.27252610913614,1987.5303670511423,6694269.32033724
non-playable coin,64.20521555074458,1925.5311834654387,6485447.73982498
spectral,63.39678760257584,1901.286218154893,6403787.43911127
aimonica brands,60.202048818670164,1805.4751676246608,6081082.94777541
mil.k,59.89474775743511,1796.2591285374242,6050042.08986477
limitus,59.281575982094566,1777.8699468469442,5988104.85516514
sologenic,58.859966548065124,1765.2257698045778,5945517.56801782
landwolf 0x67,58.34185083640153,1749.687344290483,5893182.06314718
c.a.t (crypto agent trading),55.44891841130426,1662.927545286608,5600963.4030761
numogram,53.44220609131353,1602.7457186975744,5398262.92510828
top hat,53.00685213344319,1589.689339795429,5354287.28671388
hoppy,52.58802080044287,1577.1284787285097,5311980.61896618
patriot,52.02277137756164,1560.1765009046296,5254884.07999163
evan,51.751866265595375,1552.051985841847,5227519.62165226
axol,50.64761109648869,1518.9350849113093,5115977.44973925
nosana,49.942152782570325,1497.7782058255102,5044718.23834502
btse token,49.52574492352344,1485.2900253754167,5002656.36868014
shoggoth (shoggoth.monster),48.293097362858646,1448.3226030885658,4878145.12348393
polyhedra network,45.52481939856809,1365.301223921498,4598517.96371642
storx network,44.1927095824357,1325.3509026156519,4463959.91384263
akuma inu,43.88655849481963,1316.1693515375987,4433035.21618072
sigma,43.68532824523845,1310.1344037954038,4412708.70133086
retardio,41.31388632097101,1239.0142411141449,4173166.43773218
purple pepe,39.4348442772184,1182.6612794543767,3983362.09129151
bora,39.21756805225055,1176.1451087194525,3961414.75274513
orbitt token,37.90115529376884,1136.6655462723036,3828442.28195848
elixir deusd,37.82998837150025,1134.5312316861134,3821253.62366619
metaverse,36.89497812056155,1106.4900300547697,3726807.08896262
opus,36.58785713067119,1097.2793913541914,3695784.42027984
lisusd,36.197680079756054,1085.5778796909235,3656372.15678562
basedai,35.90435704772315,1076.7810453502366,3626743.23678561
ondo us dollar yield,34.77931604935307,1043.040771971253,3513101.46271006
kudai,33.98861738435283,1019.3275124934598,3433232.01868093
pepe unchained,33.53392173480761,1005.6910712063277,3387302.65223685
realis worlds,30.571143443023193,916.8365764181827,3088028.77532152
micro gpt,30.480112667448584,914.10653968331,3078833.64479138
donotfomoew,30.346173207204707,910.0896602883288,3065304.25528212
propchain,30.20396632245754,905.8248386732104,3050939.76306198
apeiron,29.77949778079278,893.0949162461201,3008063.67393818
vaderai by virtuals,29.707421309619832,890.9333240507326,3000783.1409931
sentio protocol,28.94117603978594,867.9534282807084,2923383.76446631
netmind token,28.72380213010744,861.4343279557987,2901426.55866724
biao,28.258774059116103,847.4880146508789,2854453.50163292
superwalk,27.516689223988195,825.2326966279021,2779494.60031228
newton,26.732302349187556,801.7087293867063,2700262.71796927
chintai,26.208487341976372,785.9993805105992,2647351.52025015
node ai,26.109932559625893,783.0436968474003,2637396.38054754
terminus,26.10090620189632,782.772994021589,2636484.61705864
memes ai,26.039130983575493,780.9203390897147,2630244.62632581
miracleplay,23.56911454474792,706.8439009711359,2380745.22984977
fric,23.06409964753068,691.6983723039541,2329733.05434906
mcoin,22.760631402545815,682.5972803771144,2299079.35391891
swissborg,22.482272880588923,674.2492356020334,2270962.01747512
bertram the pomeranian,22.20339992304726,665.8857627694049,2242792.7172606
ora,21.37663930466164,641.0909958909342,2159280.61099491
mumu the bull (sol),20.83238271427155,624.7685985963651,2104304.58383337
quain,20.66749455671639,619.8235596858473,2087649.02836849
isiklar coin,20.63588022718299,618.8754376861195,2084455.62608396
elysia,20.43685425664436,612.9065968481237,2064351.76816955
defai,20.1897555857654,605.4960431713083,2039392.0277058
karrat,19.27298032642858,578.0017137007146,1946787.43191725
brickken,18.85554098356471,565.4825987815468,1904621.37080418
fellaz,18.789202260819515,563.4930831600911,1897920.41488027
bellscoin,18.705203014912982,560.9739238364568,1889435.54780462
hasbulla's cat,18.570279211136622,556.9275237218459,1875806.72854525
welf,18.078656980140455,542.1836446125265,1826147.36272096
nubcat,17.927094553752042,537.6382478601097,1810837.85574039
ambire wallet,17.90579780663376,536.9995528517545,1808686.64513734
humans.ai,17.384354505304444,521.361332054486,1756015.0163445
brainlet,16.921357652530443,507.47593551441696,1709247.13515896
sperax,16.726384403683998,501.6286368584584,1689552.64764403
xsgd,16.6647443873584,499.7800366697331,1683326.31383092
push protocol,16.585629897341015,497.4073724510133,1675334.86195167
apx,16.566304532288473,496.82779970569464,1673382.78307418
stronghold token,16.320169152185507,489.4461353708432,1648520.34579573
cakepie,16.182669045506373,485.3224712593,1634631.29101352
wilder world,15.575010114889372,467.0986212219221,1573250.91553546
my lovely planet,15.473088961383992,464.04197920856,1562955.73454476
bitrock,15.123641750735485,453.5619660926954,1527657.64227845
kiboshib,14.996193875731967,449.7397710345428,1514783.97577337
blockchain foundation for innovation & collaboration,14.489136878759272,434.5329992623399,1463565.52526634
gatsby (gatsby.fi),14.32127465083694,429.4987672047437,1446609.55529813
propbase,14.23989215817108,427.0580849942399,1438389.00968367
project plutus,14.226450688144311,426.6549717974981,1437031.27027485
xrp healthcare,13.407629537819293,402.0983116397926,1354321.13943666
hivemapper,13.263489747600653,397.77552168474915,1339761.40205904
satoshi airline,12.932353766368932,387.84466712161526,1306312.94958314
shuffle,12.879791678484052,386.26831637779765,1301003.58847985
gearbox protocol,12.78438367949265,383.40700556941346,1291366.30923217
hashai,12.748183919373316,382.32136530879234,1287709.72696803
kikicat,12.730454785296049,381.78966394732527,1285918.88534334
foxsy ai,12.724362738223423,381.6069618644982,1285303.52018057
bloomsperg terminal,12.562425923310022,376.7504344906374,1268946.08346354
messier,12.507862992611175,375.11407794824936,1263434.6147683
icb network,12.20631937323764,366.0707060461666,1232975.32313678
bugscoin,12.025790059791706,360.65658478533203,1214739.83529024
tenset,11.911155193178741,357.2186551953097,1203160.42651164
lift dollar,11.878625707219175,356.24308741534105,1199874.58315165
temco,11.741645831833516,352.13502517616314,1186038.07757183
super champs,11.731124605781586,351.8194908589351,1184975.31559629
imgnai,11.167147257643398,334.9056628888392,1128007.27045509
hege,10.992762909263027,329.67583073526094,1110392.49308283
dvision network,10.978537995195971,329.2492218471312,1108955.61702854
asd,10.632071970466109,318.858615275592,1073958.65801616
swarm,10.453076227214822,313.4904861854323,1055878.07797995
super trump coin,10.444074340664452,313.2205172566767,1054968.78635494
genopets,10.40884427624763,312.1639584234387,1051410.1542456
validity,10.292869324157577,308.68583931995545,1039695.38178581
rollbit coin,10.03016275901834,300.80720081780925,1013159.06873858
hahayes,9.982798874030436,299.3867455365369,1008374.78449922
aixcb by virtuals,9.901351740028598,296.94412471548424,1000147.70938396
pstake finance,9.899521931965692,296.88924829376896,999962.87822244
geodnet,9.86089363344321,295.73077553215245,996060.98630919
argentine football association fan token,9.55317724269432,286.5022806043202,964978.17545386
maple,9.531050200961312,285.8386848436133,962743.09577123
mad,9.475603407537477,284.1758210272559,957142.34701575
pussfi,9.424438023359151,282.6413577923885,951974.0686706
mileverse,9.350359240220623,280.41971573819006,944491.27973276
trumpius maximus,9.327170832792977,279.72428934309374,942148.99019675
omax coin,9.249379717604919,277.39131348114415,934291.21403562
playa3ull games,9.072192288964487,272.07741621845906,916393.29408092
only1,8.950136807058454,268.4169404376836,904064.31983061
router protocol (new),8.934690926404881,267.9537144427326,902504.11244068
gekko ai,8.894787054174701,266.7569868924683,898473.37325936
mystery,8.643215000208851,259.2122752885202,873061.7708716
plugin decentralized oracle,8.547139086145966,256.33093353269635,863357.02470159
sylo,8.316149907274706,249.40350772866395,840024.52382632
gamercoin,8.190370666957739,245.63135546057447,827319.40816191
0x0.ai,8.158984057231097,244.69006283732736,824149.00813496
trog,7.953196798378672,238.51844919688963,803362.18417742
dynex,7.925749364965073,237.6952935001035,800589.68519164
fanc,7.910483870022926,237.2374773197512,799047.69878414
waffles davincij15's cat,7.890912463473293,236.65052572567373,797070.76695261
plankton in pain,7.661645456460401,229.77474830547015,773912.22477354
electronic usd,7.5201615348652835,225.53160854410513,759620.75995001
nomnom,7.3076908875581905,219.15955833834656,738158.83870986
bazaars,7.274999397690646,218.17913201886554,734856.631136
cipher,7.255008016235924,217.5795852676955,732837.2771231
autonolas,7.222305914582054,216.598840697971,729533.99763966
six,7.134216993947999,213.9570309611183,720636.02749301
mixmarvel,7.008270728402013,210.179869562787,707914.04040492
ait protocol,7.008118309554114,210.17529848172978,707898.64438975
zoo world,6.964604893668711,208.87031977450584,703503.30076719
pundi ai,6.961134155660242,208.76623143514558,703152.71725494
marblex,6.848375643648029,205.38457420966554,691762.84136086
comtech gold,6.76078642853237,202.75775077182246,682915.34708283
hopr,6.582551643419958,197.4124430149944,664911.63236355
alvara protocol,6.539505014498761,196.12146337074233,660563.43946599
the balkan dwarf,6.500643702779716,194.9560024825026,656638.01060335
lumiwave,6.469369026168893,194.01806676263357,653478.91707801
galatasaray fan token,6.388147534621709,191.5822130177291,645274.63438444
gelato,6.364059166262033,190.85979655922972,642841.43868851
hosky token,6.3163875610804885,189.4301126689799,638026.07125416
biopassport token,6.2779919124552555,188.27861713854537,634147.67959299
dolan duck,6.265710707330722,187.91030058925924,632907.13996807
freya by virtuals,6.234731445884776,186.98122444734125,629777.88669164
metamui,6.169905140842985,185.03706662782335,623229.70193892
lobo•the•wolf•pup,6.136632624949412,184.03921518606955,619868.80421201
gleec coin,6.1291398299308595,183.81450430649727,619111.94777751
xelis,6.066961491172457,181.94975968741323,612831.23735379
commune ai,6.019582431935183,180.52884932643914,608045.42034485
bitkub coin,5.872024420059033,176.10354601111683,593140.40419614
insure defi,5.82409751911057,174.66620573413908,588299.24902258
neopin,5.615022270675644,168.39598442736607,567180.30119592
mochi (new),5.585311232002093,167.50494261762626,564179.15266055
star atlas dao,5.528952047684919,165.81471596007967,558486.24217948
iagon,5.525821374298803,165.72082624756172,558170.00901272
researchcoin,5.520727858476823,165.56807037773763,557655.50671891
skibidi toilet,5.453079082735743,163.53926592477603,550822.22073165
non-playable coin solana,5.372056292836498,161.1093712941901,542638.00913577
neuralai,5.28332725024232,158.44836413256644,533675.37948313
aleph.im,5.2102844874579,156.2577925993752,526297.24023467
azuro protocol,5.0470945454746605,151.36368361739858,509813.22361205
koala ai,4.974067128196313,149.17357229994238,502436.63443202
solanium,4.964243448757383,148.87895758782327,501444.33249724
ai analysis token,4.959726684023647,148.7434986337713,500988.08853976
starslax,4.923239405928659,147.64923563396644,497302.4637315
impt,4.9182562341404585,147.499789010535,496799.10742417
nine chronicles,4.911531965753181,147.29812644535818,496119.88080932
meta games coin,4.774611763564368,143.1918538209391,482289.40289246
selfiedogcoin,4.759087427308902,142.72627492199624,480721.27060575
paycoin,4.541637798756121,136.2049037682707,458756.41635012
ime lab,4.454486472548534,133.59121273314835,449953.15376892
catslap,4.365777607865637,130.9308107123541,440992.5623119
pups (bitcoin),4.342412714454677,130.23009145652364,438632.44570979
ecomi,4.1891409932775145,125.63343250695918,423150.28076165
mistery on cro,4.004609675925368,120.09929010373516,404510.54558153
sallar,3.9768739986749346,119.26748989899892,401708.9307315
aurory,3.9668219262698274,118.96602562217254,400693.55854248
polaris share,3.9219928613264465,117.62159025607905,396165.31959146
pino,3.905562060254823,117.12882624054944,394505.6241795
hehe,3.8136726906942724,114.37304004779102,385223.76601551
creta world,3.7984119377673853,113.9153660817149,383682.2586048
polytrade,3.6840177210376805,110.48465364454442,372127.1581667
laqira protocol,3.5579785427353596,106.70470576838369,359395.78584689
mr mint,3.4720431642537686,104.12748132314483,350715.34764006
bitcoin wizards,3.4710761062040447,104.09847899965769,350617.66391781
xpla,3.454627802415,103.60519007306127,348956.20053485
crust network,3.4063684448607052,102.1578793356437,344081.4635109
stratos,3.3975220542698854,101.8925737713274,343187.87872389
blendr network,3.3343337279098963,99.99753936028354,336805.14821112
skey network,3.3226978700213743,99.64857694315695,335629.79590373
amaterasu omikami,3.224337190707038,96.69871448070779,325694.26278738
meverse,3.20640425064329,96.16090092447618,323882.83446949
agridex,3.204677401097658,96.10911225558463,323708.40327435
galeon,3.155564029059365,94.6361894007407,318747.40119767
pluton,3.15260611524413,94.54748079287477,318448.61868751
opengpu,3.0810188962733567,92.40056139881327,311217.50570873
azit,3.072621843788483,92.1487316016523,310369.3091161
dacxi,3.0457759082667386,91.34361498374194,307657.5681717
blackfort exchange network,3.032982547583743,90.95993875549286,306365.29508431
kryll,3.0181889253669056,90.51627416141616,304870.97312079
minswap,2.9485581219030736,88.42802817938384,297837.48007707
inter milan fan token,2.94498091059147,88.32074667785389,297476.1415656
rai finance,2.8703151772894198,86.08150183495196,289934.0640703
chainswap,2.868138434087726,86.01622073781203,289714.18856398
epik prime,2.8485597870315056,85.42905199905093,287736.52535998
ctomorrow platform,2.831470502645919,84.91653989695311,286010.31573911
vector smart gas,2.699644357352,80.96303936927607,272694.3947705
alkimi,2.684475530283647,80.50812228370653,271162.17290375
credefi,2.6621073395685113,79.83729440204239,268902.73446603
luckycoin,2.656071796425981,79.65628688683658,268293.07683469
arsenal fan token,2.61192648444947,78.33235745080191,263833.90461128
inverse finance,2.4711355120672036,74.10999941731453,249612.43543947
shina inu,2.4283723953817704,72.82752237906062,245292.88046132
frodo the virtual samurai,2.3816781635661664,71.42715017132544,240576.23871199
decideai,2.3287518126311872,69.83987508349722,235230.08295028
tarot,2.3123761594604213,69.34876496791786,233575.95809557
botto,2.2908910106804403,68.70441974452162,231405.7168091
observer,2.2752184910201407,68.23439678656533,229822.61633453
braintrust,2.2577769070824765,67.71131912888721,228060.82050288
whitecoin,2.2328714791803654,66.96439884131084,225545.09261829
shping,2.2016482248876788,66.02800529019314,222391.19332451
vicicoin,2.198835438778889,65.94364910014792,222107.07034236
arcana network,2.167835050263425,65.01393935189715,218975.68299467
mcdull,2.153458428856494,64.58278072102168,217523.48279551
spectre ai,2.1484435680417624,64.43238373540807,217016.92554066
kilt protocol,2.1432121007537033,64.27549066508614,216488.4885997
usdx [kava],2.138055565449094,64.12084482451858,215967.62063049
tg casino,2.132010796411205,63.93956062230137,215357.03108012
free palestine,2.120608717357983,63.59760929350371,214205.29306023
jesus coin,2.055423118999005,61.642676173563274,207620.81564792
muhdo hub,2.0324191996580696,60.952782624371984,205297.16148031
kujira,1.9968128673992005,59.8849394202775,201700.52209376
nuco.cloud,1.945234101012218,58.338078745005426,196490.48750361
kimbo,1.9347301022038808,58.023061077312185,195429.46567312
label ai,1.9329031433733073,57.96827010481874,195244.92231606
electra protocol,1.8713121141015483,56.12113905063246,189023.53674547
pixer eternity,1.8575174719028882,55.707434128214196,187630.12298147
kasta,1.8570615403270307,55.693760621174164,187584.06877259
aventus,1.82604102692241,54.76344732224136,184450.64858511
speedy,1.8245354573282333,54.71829489688779,184298.56914985
zkml,1.807945177974566,54.220748086027214,182622.7646406
monacoin,1.8035949653971957,54.090284074644686,182183.34432115
vnx swiss franc,1.7725396160552238,53.15892603685228,179046.40531282
nunet,1.755369239626605,52.64398196320432,177312.00448501
coinex token,1.7473298320388226,52.40287802991671,176499.93404303
neos.ai,1.738426069949512,52.13585187937642,175600.55409044
nexa,1.7309287401463234,51.91100500042848,174843.23959177
squidgrow,1.6902547926509075,50.691182691831756,170734.71416138
cook finance,1.6845620137597932,50.52045476604899,170159.67956838
flamengo fan token,1.6701164959188772,50.08722991312398,168700.52005574
oho,1.6457203655154624,49.35558359055167,166236.23693749
gamee,1.6200551127561025,48.585875957055585,163643.75821014
octonetai,1.6192124791383682,48.560605154780944,163558.6427527
seedworld,1.5984910595340307,47.93916436883281,161465.54668899
solcex,1.538604771498273,46.14315894955799,155416.35912601
magpie,1.5384711714213781,46.13915224835829,155402.86401803
unkjd,1.530920243873402,45.91269795904554,154640.13554528
gui inu,1.530485863203405,45.89967076930092,154596.25821989
hotkeyswap,1.5300554183595871,45.88676161601136,154552.77845714
babb,1.5077203214391568,45.21692622589386,152296.6828643
quantum resistant ledger,1.4883427077134221,44.635786529219835,150339.32628411
tokemak,1.4882710156464922,44.633636465408095,150332.08458031
electric vehicle zone,1.4690102816776995,44.05600202317138,148386.53416803
poscidondao,1.4562326228598679,43.672796697959576,147095.84714534
ozone chain,1.4435821510297573,43.29340574372819,145818.00743661
connex,1.4293776298982945,42.86740844506313,144383.19129781
polymath,1.4220116464548453,42.64650067774877,143639.14425638
kira,1.3698960541067993,41.083540451696365,138374.88421607
peercoin,1.3665450668471657,40.98304346857012,138036.39687415
tornado cash,1.2892468190252915,38.664848827659334,130228.40585148
rake coin,1.2841106552051949,38.51081393323294,129709.59563096
definder capital,1.2831112775210318,38.48084233546773,129608.64726271
galxe,1.2500692455033482,37.48990316534956,126271.0309954
hi,1.2037265733491123,36.100074323679046,121589.90071958
jen-hsun huang,1.2004664832567382,36.00230337033941,121260.59501225
rogin ai,1.1778941907351401,35.325354422192206,118980.54000019
alltoscan,1.1763006055700618,35.277562386879424,118819.57000393
deepbrain chain,1.1730292776684887,35.179454408706825,118489.12915168
omniflix network,1.1657328225426329,34.96063181379649,117752.10525107
origyn,1.163729712741104,34.90055802767703,117549.76866792
fonsmartchain,1.0847648193937043,32.53238025216176,109573.42773218
verum coin,1.0754727719078603,32.25370932116717,108634.82659443
adshares,1.0485219473297167,31.445447053060505,105912.49067752
48 club token,1.0421228624993608,31.253536827687107,105266.11125345
step finance,1.038306192727678,31.139073904397687,104880.5847486
stuff.io,1.0380676675969007,31.131920473427762,104856.49103196
baby pepe,1.021311980658328,30.629413045894758,103163.97849925
project with,1.0189653435512087,30.55903678615829,102926.94180072
realgoat,1.0097508197365137,30.282690810309067,101996.17142428
billion•dollar•cat,1.0072791812280868,30.208565725899557,101746.50818056
alphakek ai,0.9944670392056677,29.82432624037586,100452.33796699
moon tropica,0.9925421576906122,29.76659854099938,100257.90331921
kinic,0.984898082226109,29.53735072134163,99485.76586092
base,0.9604408437353785,28.80387175127054,97015.31013966
aura finance,0.9560366309841012,28.671788260568785,96570.43519627
hypercycle,0.9480053321382577,28.43092751056976,95759.18382828
cryptex finance,0.947616252396079,28.419258907482092,95719.88240529
r/cryptocurrency moons,0.9422322066619243,28.25778996971137,95176.03332795
carnomaly,0.9264495893520371,27.78446515448868,93581.81175447
ryujin,0.9178435490740217,27.52636775882802,92712.50504798
rabbitx,0.8925189966838567,26.766877818388107,90154.44088369
mnee,0.8525295075173837,25.567582593843003,86115.0534304
osaka protocol,0.8504536002265778,25.5053255920069,85905.36348338
bim,0.8144855622116066,24.42663473781672,82272.18775382
mango,0.8123502578483047,24.362596402263154,82056.4980355
spookyswap,0.8092158327716756,24.268594175566864,81739.88590587
rocketx exchange,0.8082795687841227,24.240515374047007,81645.31272969
minati coin,0.8071935140578648,24.20794430915109,81535.60900688
meter governance,0.8039842746420329,24.11169838088212,81211.43978889
quiztok,0.7855422929878698,23.55861853440263,79348.59255427
doge eat doge,0.7728616020228565,23.17832130042288,78067.70037358
robonomics.network,0.7725880104385747,23.170116217353705,78040.06455137
burnedfi,0.7667496605409939,22.99502257906681,77450.32565208
reboot,0.751985109325916,22.552229831925644,75958.94018618
zusd,0.7448481716041901,22.33819120562787,75238.02933463
kwenta,0.7423695779279469,22.263857533918994,74987.66354086
katana inu,0.740774251571107,22.216013279810515,74826.51766468
the white lion,0.7397366562219084,22.18489552428921,74721.70888311
law blocks (ai),0.7395021758941052,22.17786339801689,74698.02373699
pibble,0.7312902946540493,21.93158693485098,73868.5315194
matrix ai network,0.7276867659547384,21.823516167990118,73504.53465625
coinweb,0.6960037662835775,20.873334732895813,70304.1959167
lords,0.6832219228550486,20.49000391011627,69013.08620134
ref finance,0.6754434724001025,20.256726149399114,68227.3753601
hydra,0.6506210630319861,19.51229560934,65720.03327967
diamond launch,0.6498060655012873,19.487853620533535,65637.70937735
edge matrix chain,0.6466524396044468,19.393275556224243,65319.15774927
solama,0.6289833579194907,18.863375181687044,63534.38209054
whiterock,0.6082021983150412,18.240142777532675,61435.25161599
paraswap,0.5889306416243655,17.66218375904002,59488.60798727
fact0rn,0.5876725340403375,17.624452784002862,59361.52499382
skillful ai,0.5858974393343246,17.571217230150843,59182.22049573
defi kingdoms,0.5794726921574936,17.378537384304174,58533.2488865
buying.com,0.571309486803,17.133720723659426,57708.67347994
handshake,0.5645613477682647,16.93134227153082,57027.03566165
dextools,0.5550533184940962,16.64619399029432,56066.61793799
fu coin,0.5429332286184219,16.28270932940147,54842.35276239
klayswap protocol,0.5317040409919164,15.945943059646773,53708.07871802
nya,0.5306826227913769,15.915310461038901,53604.90401012
byte,0.5293516254155618,15.875393502108718,53470.45832921
bytomdao,0.5194719232564028,15.579098653977946,52472.4974706
mux protocol,0.5105257753226019,15.310801340891066,51568.83607176
radiant,0.5075278232265285,15.220891974525612,51266.00924564
nft worlds,0.4973247981153687,14.914900586618947,50235.38913824
saito,0.4888274995858081,14.660064384395586,49377.06656942
indigo protocol,0.48722961392737174,14.61214337616379,49215.66217504
solend,0.48639803697541145,14.587204166183486,49131.663565
pikaboss,0.4810579865587867,14.42705465947617,48592.25850876
pkoin,0.4721673224997771,14.160421322285547,47694.20160431
gold dao,0.4663230310576262,13.985149495525185,47103.8625423
pikamoon,0.4600407342892581,13.796741774633475,46469.28002392
insurance,0.4578508391166266,13.731066246450101,46248.07602085
evervalue coin,0.4521529323974044,13.560184535763089,45672.52345963
paid,0.44167474879379487,13.245941072802042,44614.1092547
emirex token,0.42755589711516306,12.822513023402502,43187.94669263
stride,0.41660900817647134,12.494212965026023,42082.1879857
tectonic,0.4080509375239259,12.237554190961903,41217.72675004
paragonsdao,0.3807267165629048,11.418093667809186,38457.67360554
kompete,0.37555889647075513,11.263109393515943,37935.66574607
wownero,0.3612198121475953,10.83307650958671,36487.25721388
baanx,0.3592126772042731,10.772882008413585,36284.51404621
idle,0.33699531700887353,10.106577573430195,34040.31118468
colony,0.31149304376783615,9.34175773825554,31464.2952188
impossible finance launchpad,0.30540302498802263,9.159116484459688,30849.13493638
quidax token,0.2828115064441635,8.481590942883429,28567.13788018
boop,0.28268801753093575,8.477887478122932,28554.66411327
welshcorgicoin,0.2761506168364993,8.281829123860463,27894.31323376
contango,0.25211697252233023,7.561053853778645,25466.64528093
ledger ai,0.24109093914832916,7.23038023311632,24352.89209731
koinos,0.23895541042086302,7.16633516882287,24137.17971569
gyen,0.19237051082757006,5.769241862990151,19431.58174852
namecoin,0.1898653434330094,5.694111238528421,19178.5317108
cennznet,0.17494517895597833,5.246651609018254,17671.42755804
smog,0.1469135230604445,4.40597492741186,14839.91554127
keep network,0.12015184169274519,3.603385113586783,12136.68521253
helium iot,0.11768110960225614,3.529287212887963,11887.1135272
bitcoin diamond,0.11542341612899534,3.461578395961179,11659.06113445
solvex network,0.10051192209402778,3.014378795273039,10152.8327937
cudos,0.09140253904546998,2.7411860184609056,9232.68281528
fncy,0.08890294725764937,2.666222607901545,8980.19597645
warped games,0.08823658236777845,2.6462381508133377,8912.88563987
defigram,0.08013117649547953,2.40315491173566,8094.14863005
goggles,0.07794654283827095,2.3376371777740226,7873.47609912
8-bit coin,0.0745203158718753,2.2348837361909033,7527.38870194
webuy,0.07200861832719538,2.159557270821554,7273.67904573
renec,0.06766802353032628,2.029381699188225,6835.23023011
bitget wallet token,0.06626072343920114,1.9871764018971738,6693.07711814
zeon,0.06149357672302703,1.8442084267971872,6211.54176886
epic cash,0.05526083507722048,1.6572868769738875,5581.96487432
nftx,0.05042194325862683,1.5121672475139751,5093.18246406
verified usd,0.049946759087720276,1.4979163501200308,5045.18352689
hydranet,0.04979910067402369,1.4934880357278908,5030.26836903
decimal,0.04355934937358721,1.3063562645314597,4399.98342066
stake dao,0.04213839831729936,1.263741571229824,4256.45140792
metacraft,0.04156836001500759,1.2466459736616637,4198.87113835
winnerz,0.04142751349614561,1.2424219497747422,4184.64405836
zenon,0.03752434419382041,1.125364882969442,3790.3801296
axel,0.03315371613356168,0.9942886059229793,3348.89761713
tethereum,0.023798757437902225,0.7137309513148943,2403.94174075
bitcoin 2,0.014256933343997906,0.42756915460799816,1440.11036081
gamezone,0.014040112614887024,0.4210666443127909,1418.20903246
uncx network,0.012700971490035053,0.3809054522220099,1282.94074145
pups (ordinals) [old],0.011998526082175035,0.35983893097581066,1211.9858674
ichi,0.010006521775149832,0.30009820153704775,1010.7710639
edelcoin,0.009399020167319576,0.2818790696511337,949.40657979
spacen,0.0074283484546841,0.22277811028975913,750.34660787
mimblewimblecoin,0.007021686693405607,0.21058221785722242,709.26920352
zukiverse,0.006987724723144588,0.20956368949891743,705.83866316
global dollar,0.00651847400097554,0.19549073778230722,658.43907094
bytecoin,0.005572440037763095,0.1671189321407041,562.87901751
tokpie,0.004555494001297459,0.13662045490144417,460.1560484
latoken,0.003200095671736464,0.09597170499538775,323.24559716
pooltogether,0.003127329640249136,0.09378943270607289,315.89541088
spacechain,0.002626668373459568,0.07877447055249681,265.32300094
obyte,0.002183808819507754,0.06549299686355875,220.58921306
nash,0.002139755388735831,0.06417182296884714,216.13932187
changenow token,0.001944800565018409,0.05832507688732031,196.4466955
ramp,0.001616944846671606,0.04849259826484318,163.32958641
uns token,0.000517008816998572,0.015505229453992258,52.22369608
arianee,0.000325174648110235,0.009752072625841338,32.84629089
quadrantprotocol,0.000303777186674974,0.009110357168815414,30.68490701
clash of lilliput,0.000283242344185586,0.008494511879274774,28.61065733
asta,2.5266377033423e-05,0.000757745246297008,2.5521878
counterparty,8.287132699472e-06,0.000248533274087947,0.83709346
bitcoin atom,4.37694703623e-07,1.312657847863e-05,0.04421208
ethena labs (usdtb),0.0,0.0,0.0
venus busd,0.0,0.0,0.0
whiteheart,0.0,0.0,0.0
reserve dollar,0.0,0.0,0.0
castello coin,0.0,0.0,0.0
venus link,0.0,0.0,0.0
avinoc,0.0,0.0,0.0
colossusxt,0.0,0.0,0.0
venus ltc,0.0,0.0,0.0
litecoin cash,0.0,0.0,0.0
origin defi governance,0.0,0.0,0.0
pallapay,0.0,0.0,0.0
efinity token,0.0,0.0,0.0
xenioscoin,0.0,0.0,0.0
venus dai,0.0,0.0,0.0
crypterium,0.0,0.0,0.0
